site,site_name,year,month,period,total_observations,scene_items,median_scene_cloud_cover,scene_cloud_le_20_observations,scene_cloud_le_50_observations,clear_water_50_observations,clear_water_70_observations,clear_water_80_observations,median_clear_water_fraction,site_longest_observation_gap_days,clear_water_status
morowali-imip,Morowali industrial coast near IMIP,2021,1,2021_2025,7,28,99.568,0,1,,,,,10,BLOCKED_NO_CDSE_OAUTH
morowali-imip,Morowali industrial coast near IMIP,2021,2,2021_2025,5,20,92.927,0,1,,,,,10,BLOCKED_NO_CDSE_OAUTH
morowali-imip,Morowali industrial coast near IMIP,2021,3,2021_2025,6,24,76.753,1,2,,,,,10,BLOCKED_NO_CDSE_OAUTH
morowali-imip,Morowali industrial coast near IMIP,2021,4,2021_2025,6,26,75.324,1,1,,,,,10,BLOCKED_NO_CDSE_OAUTH
morowali-imip,Morowali industrial coast near IMIP,2021,5,2021_2025,7,30,85.042,0,1,,,,,10,BLOCKED_NO_CDSE_OAUTH
morowali-imip,Morowali industrial coast near IMIP,2021,6,2021_2025,6,24,71.863,0,2,,,,,10,BLOCKED_NO_CDSE_OAUTH
morowali-imip,Morowali industrial coast near IMIP,2021,7,2021_2025,6,24,91.700,0,1,,,,,10,BLOCKED_NO_CDSE_OAUTH
morowali-imip,Morowali industrial coast near IMIP,2021,8,2021_2025,6,24,80.095,0,0,,,,,10,BLOCKED_NO_CDSE_OAUTH
morowali-imip,Morowali industrial coast near IMIP,2021,9,2021_2025,6,24,91.386,0,0,,,,,10,BLOCKED_NO_CDSE_OAUTH
morowali-imip,Morowali industrial coast near IMIP,2021,10,2021_2025,6,24,51.256,0,3,,,,,10,BLOCKED_NO_CDSE_OAUTH
morowali-imip,Morowali industrial coast near IMIP,2021,11,2021_2025,6,24,48.734,0,3,,,,,10,BLOCKED_NO_CDSE_OAUTH
morowali-imip,Morowali industrial coast near IMIP,2021,12,2021_2025,6,24,99.875,0,0,,,,,10,BLOCKED_NO_CDSE_OAUTH
morowali-imip,Morowali industrial coast near IMIP,2022,1,2021_2025,7,28,93.725,0,1,,,,,10,BLOCKED_NO_CDSE_OAUTH
morowali-imip,Morowali industrial coast near IMIP,2022,2,2021_2025,5,20,88.348,0,0,,,,,10,BLOCKED_NO_CDSE_OAUTH
morowali-imip,Morowali industrial coast near IMIP,2022,3,2021_2025,6,24,62.641,0,2,,,,,10,BLOCKED_NO_CDSE_OAUTH
morowali-imip,Morowali industrial coast near IMIP,2022,4,2021_2025,6,26,62.965,0,2,,,,,10,BLOCKED_NO_CDSE_OAUTH
morowali-imip,Morowali industrial coast near IMIP,2022,5,2021_2025,7,28,66.789,2,3,,,,,10,BLOCKED_NO_CDSE_OAUTH
morowali-imip,Morowali industrial coast near IMIP,2022,6,2021_2025,6,24,55.840,0,2,,,,,10,BLOCKED_NO_CDSE_OAUTH
morowali-imip,Morowali industrial coast near IMIP,2022,7,2021_2025,6,24,82.022,0,1,,,,,10,BLOCKED_NO_CDSE_OAUTH
morowali-imip,Morowali industrial coast near IMIP,2022,8,2021_2025,6,24,62.527,0,3,,,,,10,BLOCKED_NO_CDSE_OAUTH
morowali-imip,Morowali industrial coast near IMIP,2022,9,2021_2025,6,24,50.555,0,3,,,,,10,BLOCKED_NO_CDSE_OAUTH
morowali-imip,Morowali industrial coast near IMIP,2022,10,2021_2025,6,24,86.138,0,1,,,,,10,BLOCKED_NO_CDSE_OAUTH
morowali-imip,Morowali industrial coast near IMIP,2022,11,2021_2025,6,24,72.650,0,0,,,,,10,BLOCKED_NO_CDSE_OAUTH
morowali-imip,Morowali industrial coast near IMIP,2022,12,2021_2025,6,24,82.278,0,2,,,,,10,BLOCKED_NO_CDSE_OAUTH
morowali-imip,Morowali industrial coast near IMIP,2023,1,2021_2025,7,28,98.864,0,0,,,,,10,BLOCKED_NO_CDSE_OAUTH
morowali-imip,Morowali industrial coast near IMIP,2023,2,2021_2025,5,20,99.733,0,0,,,,,10,BLOCKED_NO_CDSE_OAUTH
morowali-imip,Morowali industrial coast near IMIP,2023,3,2021_2025,5,20,89.307,0,0,,,,,10,BLOCKED_NO_CDSE_OAUTH
morowali-imip,Morowali industrial coast near IMIP,2023,4,2021_2025,5,20,72.145,2,2,,,,,10,BLOCKED_NO_CDSE_OAUTH
morowali-imip,Morowali industrial coast near IMIP,2023,5,2021_2025,7,28,76.055,0,0,,,,,10,BLOCKED_NO_CDSE_OAUTH
morowali-imip,Morowali industrial coast near IMIP,2023,6,2021_2025,6,24,87.984,0,0,,,,,10,BLOCKED_NO_CDSE_OAUTH
morowali-imip,Morowali industrial coast near IMIP,2023,7,2021_2025,6,24,83.565,0,1,,,,,10,BLOCKED_NO_CDSE_OAUTH
morowali-imip,Morowali industrial coast near IMIP,2023,8,2021_2025,6,24,73.104,0,1,,,,,10,BLOCKED_NO_CDSE_OAUTH
morowali-imip,Morowali industrial coast near IMIP,2023,9,2021_2025,6,24,44.402,2,4,,,,,10,BLOCKED_NO_CDSE_OAUTH
morowali-imip,Morowali industrial coast near IMIP,2023,10,2021_2025,6,24,32.878,1,4,,,,,10,BLOCKED_NO_CDSE_OAUTH
morowali-imip,Morowali industrial coast near IMIP,2023,11,2021_2025,6,24,32.060,1,4,,,,,10,BLOCKED_NO_CDSE_OAUTH
morowali-imip,Morowali industrial coast near IMIP,2023,12,2021_2025,6,24,76.651,0,1,,,,,10,BLOCKED_NO_CDSE_OAUTH
morowali-imip,Morowali industrial coast near IMIP,2024,1,2021_2025,7,28,97.615,0,1,,,,,10,BLOCKED_NO_CDSE_OAUTH
morowali-imip,Morowali industrial coast near IMIP,2024,2,2021_2025,5,20,92.417,0,2,,,,,10,BLOCKED_NO_CDSE_OAUTH
morowali-imip,Morowali industrial coast near IMIP,2024,3,2021_2025,7,28,91.930,0,2,,,,,10,BLOCKED_NO_CDSE_OAUTH
morowali-imip,Morowali industrial coast near IMIP,2024,4,2021_2025,6,24,87.445,0,0,,,,,10,BLOCKED_NO_CDSE_OAUTH
morowali-imip,Morowali industrial coast near IMIP,2024,5,2021_2025,6,24,78.110,0,2,,,,,10,BLOCKED_NO_CDSE_OAUTH
morowali-imip,Morowali industrial coast near IMIP,2024,6,2021_2025,6,24,85.543,0,0,,,,,10,BLOCKED_NO_CDSE_OAUTH
morowali-imip,Morowali industrial coast near IMIP,2024,7,2021_2025,6,24,93.251,0,0,,,,,10,BLOCKED_NO_CDSE_OAUTH
morowali-imip,Morowali industrial coast near IMIP,2024,8,2021_2025,6,24,66.869,0,1,,,,,10,BLOCKED_NO_CDSE_OAUTH
morowali-imip,Morowali industrial coast near IMIP,2024,9,2021_2025,5,20,43.087,1,3,,,,,10,BLOCKED_NO_CDSE_OAUTH
morowali-imip,Morowali industrial coast near IMIP,2024,10,2021_2025,6,24,49.653,0,3,,,,,10,BLOCKED_NO_CDSE_OAUTH
morowali-imip,Morowali industrial coast near IMIP,2024,11,2021_2025,6,24,64.785,0,1,,,,,10,BLOCKED_NO_CDSE_OAUTH
morowali-imip,Morowali industrial coast near IMIP,2024,12,2021_2025,9,40,97.574,0,0,,,,,10,BLOCKED_NO_CDSE_OAUTH
morowali-imip,Morowali industrial coast near IMIP,2025,1,2021_2025,6,24,97.746,0,0,,,,,10,BLOCKED_NO_CDSE_OAUTH
morowali-imip,Morowali industrial coast near IMIP,2025,2,2021_2025,5,20,98.950,0,0,,,,,10,BLOCKED_NO_CDSE_OAUTH
morowali-imip,Morowali industrial coast near IMIP,2025,3,2021_2025,6,24,81.225,0,0,,,,,10,BLOCKED_NO_CDSE_OAUTH
morowali-imip,Morowali industrial coast near IMIP,2025,4,2021_2025,7,28,88.060,0,2,,,,,10,BLOCKED_NO_CDSE_OAUTH
morowali-imip,Morowali industrial coast near IMIP,2025,5,2021_2025,7,28,63.717,0,2,,,,,10,BLOCKED_NO_CDSE_OAUTH
morowali-imip,Morowali industrial coast near IMIP,2025,6,2021_2025,7,28,83.860,1,2,,,,,10,BLOCKED_NO_CDSE_OAUTH
morowali-imip,Morowali industrial coast near IMIP,2025,7,2021_2025,8,32,50.401,0,4,,,,,10,BLOCKED_NO_CDSE_OAUTH
morowali-imip,Morowali industrial coast near IMIP,2025,8,2021_2025,7,28,95.289,1,1,,,,,10,BLOCKED_NO_CDSE_OAUTH
morowali-imip,Morowali industrial coast near IMIP,2025,9,2021_2025,8,32,80.237,0,3,,,,,10,BLOCKED_NO_CDSE_OAUTH
morowali-imip,Morowali industrial coast near IMIP,2025,10,2021_2025,7,28,40.746,1,5,,,,,10,BLOCKED_NO_CDSE_OAUTH
morowali-imip,Morowali industrial coast near IMIP,2025,11,2021_2025,8,32,99.213,0,1,,,,,10,BLOCKED_NO_CDSE_OAUTH
morowali-imip,Morowali industrial coast near IMIP,2025,12,2021_2025,8,32,94.147,0,1,,,,,10,BLOCKED_NO_CDSE_OAUTH
morowali-imip,Morowali industrial coast near IMIP,2026,1,2026_partial,6,24,66.197,0,1,,,,,10,BLOCKED_NO_CDSE_OAUTH
morowali-imip,Morowali industrial coast near IMIP,2026,2,2026_partial,5,20,98.632,0,0,,,,,10,BLOCKED_NO_CDSE_OAUTH
morowali-imip,Morowali industrial coast near IMIP,2026,3,2026_partial,6,24,83.271,0,1,,,,,10,BLOCKED_NO_CDSE_OAUTH
morowali-imip,Morowali industrial coast near IMIP,2026,4,2026_partial,8,32,70.207,2,3,,,,,10,BLOCKED_NO_CDSE_OAUTH
morowali-imip,Morowali industrial coast near IMIP,2026,5,2026_partial,7,28,89.280,0,0,,,,,10,BLOCKED_NO_CDSE_OAUTH
morowali-imip,Morowali industrial coast near IMIP,2026,6,2026_partial,8,32,71.213,0,1,,,,,10,BLOCKED_NO_CDSE_OAUTH
morowali-imip,Morowali industrial coast near IMIP,2026,7,2026_partial,7,28,77.319,0,0,,,,,10,BLOCKED_NO_CDSE_OAUTH
cilegon-industrial-coast,Cilegon industrial coast,2021,1,2021_2025,6,12,96.642,0,0,,,,,10,BLOCKED_NO_CDSE_OAUTH
cilegon-industrial-coast,Cilegon industrial coast,2021,2,2021_2025,6,12,92.327,0,0,,,,,10,BLOCKED_NO_CDSE_OAUTH
cilegon-industrial-coast,Cilegon industrial coast,2021,3,2021_2025,6,12,84.265,0,2,,,,,10,BLOCKED_NO_CDSE_OAUTH
cilegon-industrial-coast,Cilegon industrial coast,2021,4,2021_2025,6,12,30.611,1,5,,,,,10,BLOCKED_NO_CDSE_OAUTH
cilegon-industrial-coast,Cilegon industrial coast,2021,5,2021_2025,6,12,64.564,0,2,,,,,10,BLOCKED_NO_CDSE_OAUTH
cilegon-industrial-coast,Cilegon industrial coast,2021,6,2021_2025,6,12,78.674,0,1,,,,,10,BLOCKED_NO_CDSE_OAUTH
cilegon-industrial-coast,Cilegon industrial coast,2021,7,2021_2025,6,12,55.648,2,3,,,,,10,BLOCKED_NO_CDSE_OAUTH
cilegon-industrial-coast,Cilegon industrial coast,2021,8,2021_2025,6,12,21.059,3,4,,,,,10,BLOCKED_NO_CDSE_OAUTH
cilegon-industrial-coast,Cilegon industrial coast,2021,9,2021_2025,6,12,76.731,0,2,,,,,10,BLOCKED_NO_CDSE_OAUTH
cilegon-industrial-coast,Cilegon industrial coast,2021,10,2021_2025,7,14,77.284,1,1,,,,,10,BLOCKED_NO_CDSE_OAUTH
cilegon-industrial-coast,Cilegon industrial coast,2021,11,2021_2025,6,12,99.939,1,1,,,,,10,BLOCKED_NO_CDSE_OAUTH
cilegon-industrial-coast,Cilegon industrial coast,2021,12,2021_2025,6,12,98.436,0,0,,,,,10,BLOCKED_NO_CDSE_OAUTH
cilegon-industrial-coast,Cilegon industrial coast,2022,1,2021_2025,5,10,82.092,0,1,,,,,10,BLOCKED_NO_CDSE_OAUTH
cilegon-industrial-coast,Cilegon industrial coast,2022,2,2021_2025,6,12,99.806,0,1,,,,,10,BLOCKED_NO_CDSE_OAUTH
cilegon-industrial-coast,Cilegon industrial coast,2022,3,2021_2025,6,12,87.814,0,0,,,,,10,BLOCKED_NO_CDSE_OAUTH
cilegon-industrial-coast,Cilegon industrial coast,2022,4,2021_2025,6,12,63.349,1,3,,,,,10,BLOCKED_NO_CDSE_OAUTH
cilegon-industrial-coast,Cilegon industrial coast,2022,5,2021_2025,6,12,72.080,0,1,,,,,10,BLOCKED_NO_CDSE_OAUTH
cilegon-industrial-coast,Cilegon industrial coast,2022,6,2021_2025,6,12,74.793,0,1,,,,,10,BLOCKED_NO_CDSE_OAUTH
cilegon-industrial-coast,Cilegon industrial coast,2022,7,2021_2025,6,12,38.535,1,4,,,,,10,BLOCKED_NO_CDSE_OAUTH
cilegon-industrial-coast,Cilegon industrial coast,2022,8,2021_2025,6,12,53.458,0,3,,,,,10,BLOCKED_NO_CDSE_OAUTH
cilegon-industrial-coast,Cilegon industrial coast,2022,9,2021_2025,6,12,57.607,0,1,,,,,10,BLOCKED_NO_CDSE_OAUTH
cilegon-industrial-coast,Cilegon industrial coast,2022,10,2021_2025,7,14,97.322,0,1,,,,,10,BLOCKED_NO_CDSE_OAUTH
cilegon-industrial-coast,Cilegon industrial coast,2022,11,2021_2025,6,12,98.031,0,0,,,,,10,BLOCKED_NO_CDSE_OAUTH
cilegon-industrial-coast,Cilegon industrial coast,2022,12,2021_2025,6,12,99.876,0,0,,,,,10,BLOCKED_NO_CDSE_OAUTH
cilegon-industrial-coast,Cilegon industrial coast,2023,1,2021_2025,6,12,98.661,0,0,,,,,10,BLOCKED_NO_CDSE_OAUTH
cilegon-industrial-coast,Cilegon industrial coast,2023,2,2021_2025,6,12,96.900,0,1,,,,,10,BLOCKED_NO_CDSE_OAUTH
cilegon-industrial-coast,Cilegon industrial coast,2023,3,2021_2025,6,12,72.461,0,1,,,,,10,BLOCKED_NO_CDSE_OAUTH
cilegon-industrial-coast,Cilegon industrial coast,2023,4,2021_2025,6,12,64.435,0,2,,,,,10,BLOCKED_NO_CDSE_OAUTH
cilegon-industrial-coast,Cilegon industrial coast,2023,5,2021_2025,6,12,77.436,0,2,,,,,10,BLOCKED_NO_CDSE_OAUTH
cilegon-industrial-coast,Cilegon industrial coast,2023,6,2021_2025,6,12,63.928,0,1,,,,,10,BLOCKED_NO_CDSE_OAUTH
cilegon-industrial-coast,Cilegon industrial coast,2023,7,2021_2025,6,12,25.890,3,4,,,,,10,BLOCKED_NO_CDSE_OAUTH
cilegon-industrial-coast,Cilegon industrial coast,2023,8,2021_2025,6,12,14.320,5,5,,,,,10,BLOCKED_NO_CDSE_OAUTH
cilegon-industrial-coast,Cilegon industrial coast,2023,9,2021_2025,6,12,10.733,5,6,,,,,10,BLOCKED_NO_CDSE_OAUTH
cilegon-industrial-coast,Cilegon industrial coast,2023,10,2021_2025,7,14,22.654,2,7,,,,,10,BLOCKED_NO_CDSE_OAUTH
cilegon-industrial-coast,Cilegon industrial coast,2023,11,2021_2025,6,12,82.152,0,1,,,,,10,BLOCKED_NO_CDSE_OAUTH
cilegon-industrial-coast,Cilegon industrial coast,2023,12,2021_2025,5,10,97.638,1,1,,,,,10,BLOCKED_NO_CDSE_OAUTH
cilegon-industrial-coast,Cilegon industrial coast,2024,1,2021_2025,6,14,99.139,0,0,,,,,10,BLOCKED_NO_CDSE_OAUTH
cilegon-industrial-coast,Cilegon industrial coast,2024,2,2021_2025,6,12,89.323,0,2,,,,,10,BLOCKED_NO_CDSE_OAUTH
cilegon-industrial-coast,Cilegon industrial coast,2024,3,2021_2025,6,12,66.717,0,3,,,,,10,BLOCKED_NO_CDSE_OAUTH
cilegon-industrial-coast,Cilegon industrial coast,2024,4,2021_2025,6,12,88.664,0,0,,,,,10,BLOCKED_NO_CDSE_OAUTH
cilegon-industrial-coast,Cilegon industrial coast,2024,5,2021_2025,6,12,54.397,1,2,,,,,10,BLOCKED_NO_CDSE_OAUTH
cilegon-industrial-coast,Cilegon industrial coast,2024,6,2021_2025,6,12,54.843,0,1,,,,,10,BLOCKED_NO_CDSE_OAUTH
cilegon-industrial-coast,Cilegon industrial coast,2024,7,2021_2025,6,12,37.536,2,4,,,,,10,BLOCKED_NO_CDSE_OAUTH
cilegon-industrial-coast,Cilegon industrial coast,2024,8,2021_2025,7,16,19.092,4,6,,,,,10,BLOCKED_NO_CDSE_OAUTH
cilegon-industrial-coast,Cilegon industrial coast,2024,9,2021_2025,6,12,29.355,1,4,,,,,10,BLOCKED_NO_CDSE_OAUTH
cilegon-industrial-coast,Cilegon industrial coast,2024,10,2021_2025,6,12,57.845,1,2,,,,,10,BLOCKED_NO_CDSE_OAUTH
cilegon-industrial-coast,Cilegon industrial coast,2024,11,2021_2025,8,16,96.513,0,1,,,,,10,BLOCKED_NO_CDSE_OAUTH
cilegon-industrial-coast,Cilegon industrial coast,2024,12,2021_2025,8,18,100.000,0,0,,,,,10,BLOCKED_NO_CDSE_OAUTH
cilegon-industrial-coast,Cilegon industrial coast,2025,1,2021_2025,6,12,96.623,0,0,,,,,10,BLOCKED_NO_CDSE_OAUTH
cilegon-industrial-coast,Cilegon industrial coast,2025,2,2021_2025,6,12,90.312,0,0,,,,,10,BLOCKED_NO_CDSE_OAUTH
cilegon-industrial-coast,Cilegon industrial coast,2025,3,2021_2025,6,12,99.348,0,1,,,,,10,BLOCKED_NO_CDSE_OAUTH
cilegon-industrial-coast,Cilegon industrial coast,2025,4,2021_2025,7,16,84.836,0,2,,,,,10,BLOCKED_NO_CDSE_OAUTH
cilegon-industrial-coast,Cilegon industrial coast,2025,5,2021_2025,8,16,74.507,1,3,,,,,10,BLOCKED_NO_CDSE_OAUTH
cilegon-industrial-coast,Cilegon industrial coast,2025,6,2021_2025,7,14,55.728,1,3,,,,,10,BLOCKED_NO_CDSE_OAUTH
cilegon-industrial-coast,Cilegon industrial coast,2025,7,2021_2025,8,18,22.385,4,6,,,,,10,BLOCKED_NO_CDSE_OAUTH
cilegon-industrial-coast,Cilegon industrial coast,2025,8,2021_2025,7,14,20.955,3,4,,,,,10,BLOCKED_NO_CDSE_OAUTH
cilegon-industrial-coast,Cilegon industrial coast,2025,9,2021_2025,8,16,33.762,1,5,,,,,10,BLOCKED_NO_CDSE_OAUTH
cilegon-industrial-coast,Cilegon industrial coast,2025,10,2021_2025,7,14,51.808,0,3,,,,,10,BLOCKED_NO_CDSE_OAUTH
cilegon-industrial-coast,Cilegon industrial coast,2025,11,2021_2025,8,16,87.640,0,1,,,,,10,BLOCKED_NO_CDSE_OAUTH
cilegon-industrial-coast,Cilegon industrial coast,2025,12,2021_2025,8,16,98.482,0,0,,,,,10,BLOCKED_NO_CDSE_OAUTH
cilegon-industrial-coast,Cilegon industrial coast,2026,1,2026_partial,6,12,99.904,0,0,,,,,10,BLOCKED_NO_CDSE_OAUTH
cilegon-industrial-coast,Cilegon industrial coast,2026,2,2026_partial,5,10,99.983,0,0,,,,,10,BLOCKED_NO_CDSE_OAUTH
cilegon-industrial-coast,Cilegon industrial coast,2026,3,2026_partial,7,14,82.912,1,2,,,,,10,BLOCKED_NO_CDSE_OAUTH
cilegon-industrial-coast,Cilegon industrial coast,2026,4,2026_partial,7,14,59.054,2,2,,,,,10,BLOCKED_NO_CDSE_OAUTH
cilegon-industrial-coast,Cilegon industrial coast,2026,5,2026_partial,8,16,28.106,3,6,,,,,10,BLOCKED_NO_CDSE_OAUTH
cilegon-industrial-coast,Cilegon industrial coast,2026,6,2026_partial,7,14,20.790,3,7,,,,,10,BLOCKED_NO_CDSE_OAUTH
cilegon-industrial-coast,Cilegon industrial coast,2026,7,2026_partial,7,14,23.109,3,6,,,,,10,BLOCKED_NO_CDSE_OAUTH
teluk-awur-jepara,"Teluk Awur, Jepara",2021,1,2021_2025,6,6,99.815,0,0,,,,,10,BLOCKED_NO_CDSE_OAUTH
teluk-awur-jepara,"Teluk Awur, Jepara",2021,2,2021_2025,6,6,91.694,1,1,,,,,10,BLOCKED_NO_CDSE_OAUTH
teluk-awur-jepara,"Teluk Awur, Jepara",2021,3,2021_2025,6,6,63.028,0,2,,,,,10,BLOCKED_NO_CDSE_OAUTH
teluk-awur-jepara,"Teluk Awur, Jepara",2021,4,2021_2025,6,6,30.677,1,4,,,,,10,BLOCKED_NO_CDSE_OAUTH
teluk-awur-jepara,"Teluk Awur, Jepara",2021,5,2021_2025,6,6,69.056,0,0,,,,,10,BLOCKED_NO_CDSE_OAUTH
teluk-awur-jepara,"Teluk Awur, Jepara",2021,6,2021_2025,6,6,43.452,2,3,,,,,10,BLOCKED_NO_CDSE_OAUTH
teluk-awur-jepara,"Teluk Awur, Jepara",2021,7,2021_2025,6,6,53.403,2,2,,,,,10,BLOCKED_NO_CDSE_OAUTH
teluk-awur-jepara,"Teluk Awur, Jepara",2021,8,2021_2025,7,7,15.606,4,5,,,,,10,BLOCKED_NO_CDSE_OAUTH
teluk-awur-jepara,"Teluk Awur, Jepara",2021,9,2021_2025,6,6,42.443,3,3,,,,,10,BLOCKED_NO_CDSE_OAUTH
teluk-awur-jepara,"Teluk Awur, Jepara",2021,10,2021_2025,6,6,43.901,1,4,,,,,10,BLOCKED_NO_CDSE_OAUTH
teluk-awur-jepara,"Teluk Awur, Jepara",2021,11,2021_2025,6,6,98.044,0,1,,,,,10,BLOCKED_NO_CDSE_OAUTH
teluk-awur-jepara,"Teluk Awur, Jepara",2021,12,2021_2025,6,6,95.618,0,1,,,,,10,BLOCKED_NO_CDSE_OAUTH
teluk-awur-jepara,"Teluk Awur, Jepara",2022,1,2021_2025,6,6,97.848,0,0,,,,,10,BLOCKED_NO_CDSE_OAUTH
teluk-awur-jepara,"Teluk Awur, Jepara",2022,2,2021_2025,6,6,90.646,0,1,,,,,10,BLOCKED_NO_CDSE_OAUTH
teluk-awur-jepara,"Teluk Awur, Jepara",2022,3,2021_2025,6,6,52.750,0,3,,,,,10,BLOCKED_NO_CDSE_OAUTH
teluk-awur-jepara,"Teluk Awur, Jepara",2022,4,2021_2025,6,6,50.720,0,3,,,,,10,BLOCKED_NO_CDSE_OAUTH
teluk-awur-jepara,"Teluk Awur, Jepara",2022,5,2021_2025,6,6,34.684,3,4,,,,,10,BLOCKED_NO_CDSE_OAUTH
teluk-awur-jepara,"Teluk Awur, Jepara",2022,6,2021_2025,6,6,52.718,2,3,,,,,10,BLOCKED_NO_CDSE_OAUTH
teluk-awur-jepara,"Teluk Awur, Jepara",2022,7,2021_2025,6,6,18.865,3,5,,,,,10,BLOCKED_NO_CDSE_OAUTH
teluk-awur-jepara,"Teluk Awur, Jepara",2022,8,2021_2025,7,7,22.163,3,4,,,,,10,BLOCKED_NO_CDSE_OAUTH
teluk-awur-jepara,"Teluk Awur, Jepara",2022,9,2021_2025,6,7,89.402,1,2,,,,,10,BLOCKED_NO_CDSE_OAUTH
teluk-awur-jepara,"Teluk Awur, Jepara",2022,10,2021_2025,6,6,97.466,0,1,,,,,10,BLOCKED_NO_CDSE_OAUTH
teluk-awur-jepara,"Teluk Awur, Jepara",2022,11,2021_2025,6,6,92.645,0,1,,,,,10,BLOCKED_NO_CDSE_OAUTH
teluk-awur-jepara,"Teluk Awur, Jepara",2022,12,2021_2025,6,6,95.749,0,1,,,,,10,BLOCKED_NO_CDSE_OAUTH
teluk-awur-jepara,"Teluk Awur, Jepara",2023,1,2021_2025,6,6,99.998,0,1,,,,,10,BLOCKED_NO_CDSE_OAUTH
teluk-awur-jepara,"Teluk Awur, Jepara",2023,2,2021_2025,6,6,99.941,0,0,,,,,10,BLOCKED_NO_CDSE_OAUTH
teluk-awur-jepara,"Teluk Awur, Jepara",2023,3,2021_2025,6,6,41.227,0,4,,,,,10,BLOCKED_NO_CDSE_OAUTH
teluk-awur-jepara,"Teluk Awur, Jepara",2023,4,2021_2025,6,6,79.907,1,1,,,,,10,BLOCKED_NO_CDSE_OAUTH
teluk-awur-jepara,"Teluk Awur, Jepara",2023,5,2021_2025,6,6,10.347,4,4,,,,,10,BLOCKED_NO_CDSE_OAUTH
teluk-awur-jepara,"Teluk Awur, Jepara",2023,6,2021_2025,6,6,27.951,3,5,,,,,10,BLOCKED_NO_CDSE_OAUTH
teluk-awur-jepara,"Teluk Awur, Jepara",2023,7,2021_2025,6,6,6.796,4,5,,,,,10,BLOCKED_NO_CDSE_OAUTH
teluk-awur-jepara,"Teluk Awur, Jepara",2023,8,2021_2025,7,7,5.124,5,7,,,,,10,BLOCKED_NO_CDSE_OAUTH
teluk-awur-jepara,"Teluk Awur, Jepara",2023,9,2021_2025,6,6,0.304,5,6,,,,,10,BLOCKED_NO_CDSE_OAUTH
teluk-awur-jepara,"Teluk Awur, Jepara",2023,10,2021_2025,6,6,16.567,5,6,,,,,10,BLOCKED_NO_CDSE_OAUTH
teluk-awur-jepara,"Teluk Awur, Jepara",2023,11,2021_2025,6,6,53.154,1,2,,,,,10,BLOCKED_NO_CDSE_OAUTH
teluk-awur-jepara,"Teluk Awur, Jepara",2023,12,2021_2025,6,6,66.005,1,2,,,,,10,BLOCKED_NO_CDSE_OAUTH
teluk-awur-jepara,"Teluk Awur, Jepara",2024,1,2021_2025,6,6,92.325,0,0,,,,,10,BLOCKED_NO_CDSE_OAUTH
teluk-awur-jepara,"Teluk Awur, Jepara",2024,2,2021_2025,6,6,67.896,0,1,,,,,10,BLOCKED_NO_CDSE_OAUTH
teluk-awur-jepara,"Teluk Awur, Jepara",2024,3,2021_2025,6,6,94.986,1,1,,,,,10,BLOCKED_NO_CDSE_OAUTH
teluk-awur-jepara,"Teluk Awur, Jepara",2024,4,2021_2025,6,6,37.622,0,4,,,,,10,BLOCKED_NO_CDSE_OAUTH
teluk-awur-jepara,"Teluk Awur, Jepara",2024,5,2021_2025,6,6,11.817,4,5,,,,,10,BLOCKED_NO_CDSE_OAUTH
teluk-awur-jepara,"Teluk Awur, Jepara",2024,6,2021_2025,6,6,17.337,4,6,,,,,10,BLOCKED_NO_CDSE_OAUTH
teluk-awur-jepara,"Teluk Awur, Jepara",2024,7,2021_2025,7,7,7.768,5,6,,,,,10,BLOCKED_NO_CDSE_OAUTH
teluk-awur-jepara,"Teluk Awur, Jepara",2024,8,2021_2025,6,6,7.540,4,6,,,,,10,BLOCKED_NO_CDSE_OAUTH
teluk-awur-jepara,"Teluk Awur, Jepara",2024,9,2021_2025,6,6,13.990,4,5,,,,,10,BLOCKED_NO_CDSE_OAUTH
teluk-awur-jepara,"Teluk Awur, Jepara",2024,10,2021_2025,6,6,61.376,2,2,,,,,10,BLOCKED_NO_CDSE_OAUTH
teluk-awur-jepara,"Teluk Awur, Jepara",2024,11,2021_2025,8,8,83.808,0,2,,,,,10,BLOCKED_NO_CDSE_OAUTH
teluk-awur-jepara,"Teluk Awur, Jepara",2024,12,2021_2025,7,9,87.096,0,0,,,,,10,BLOCKED_NO_CDSE_OAUTH
teluk-awur-jepara,"Teluk Awur, Jepara",2025,1,2021_2025,6,7,99.659,0,1,,,,,10,BLOCKED_NO_CDSE_OAUTH
teluk-awur-jepara,"Teluk Awur, Jepara",2025,2,2021_2025,6,6,92.348,0,0,,,,,10,BLOCKED_NO_CDSE_OAUTH
teluk-awur-jepara,"Teluk Awur, Jepara",2025,3,2021_2025,6,6,72.500,0,2,,,,,10,BLOCKED_NO_CDSE_OAUTH
teluk-awur-jepara,"Teluk Awur, Jepara",2025,4,2021_2025,8,8,54.811,1,4,,,,,10,BLOCKED_NO_CDSE_OAUTH
teluk-awur-jepara,"Teluk Awur, Jepara",2025,5,2021_2025,7,7,54.495,0,2,,,,,10,BLOCKED_NO_CDSE_OAUTH
teluk-awur-jepara,"Teluk Awur, Jepara",2025,6,2021_2025,8,8,53.351,3,4,,,,,10,BLOCKED_NO_CDSE_OAUTH
teluk-awur-jepara,"Teluk Awur, Jepara",2025,7,2021_2025,8,8,17.741,4,7,,,,,10,BLOCKED_NO_CDSE_OAUTH
teluk-awur-jepara,"Teluk Awur, Jepara",2025,8,2021_2025,8,8,31.683,1,6,,,,,10,BLOCKED_NO_CDSE_OAUTH
teluk-awur-jepara,"Teluk Awur, Jepara",2025,9,2021_2025,7,7,45.122,2,4,,,,,10,BLOCKED_NO_CDSE_OAUTH
teluk-awur-jepara,"Teluk Awur, Jepara",2025,10,2021_2025,7,7,70.361,3,3,,,,,10,BLOCKED_NO_CDSE_OAUTH
teluk-awur-jepara,"Teluk Awur, Jepara",2025,11,2021_2025,8,8,93.285,0,1,,,,,10,BLOCKED_NO_CDSE_OAUTH
teluk-awur-jepara,"Teluk Awur, Jepara",2025,12,2021_2025,6,6,98.069,0,1,,,,,10,BLOCKED_NO_CDSE_OAUTH
teluk-awur-jepara,"Teluk Awur, Jepara",2026,1,2026_partial,7,7,99.999,0,0,,,,,10,BLOCKED_NO_CDSE_OAUTH
teluk-awur-jepara,"Teluk Awur, Jepara",2026,2,2026_partial,8,9,99.522,0,0,,,,,10,BLOCKED_NO_CDSE_OAUTH
teluk-awur-jepara,"Teluk Awur, Jepara",2026,3,2026_partial,7,7,30.783,1,5,,,,,10,BLOCKED_NO_CDSE_OAUTH
teluk-awur-jepara,"Teluk Awur, Jepara",2026,4,2026_partial,8,8,64.740,1,3,,,,,10,BLOCKED_NO_CDSE_OAUTH
teluk-awur-jepara,"Teluk Awur, Jepara",2026,5,2026_partial,7,7,32.990,2,4,,,,,10,BLOCKED_NO_CDSE_OAUTH
teluk-awur-jepara,"Teluk Awur, Jepara",2026,6,2026_partial,8,8,14.438,7,8,,,,,10,BLOCKED_NO_CDSE_OAUTH
teluk-awur-jepara,"Teluk Awur, Jepara",2026,7,2026_partial,6,6,8.773,5,6,,,,,10,BLOCKED_NO_CDSE_OAUTH
nusa-lembongan,Nusa Lembongan,2021,1,2021_2025,6,6,94.043,0,1,,,,,10,BLOCKED_NO_CDSE_OAUTH
nusa-lembongan,Nusa Lembongan,2021,2,2021_2025,6,6,69.807,0,2,,,,,10,BLOCKED_NO_CDSE_OAUTH
nusa-lembongan,Nusa Lembongan,2021,3,2021_2025,6,6,60.933,1,3,,,,,10,BLOCKED_NO_CDSE_OAUTH
nusa-lembongan,Nusa Lembongan,2021,4,2021_2025,6,7,14.921,4,4,,,,,10,BLOCKED_NO_CDSE_OAUTH
nusa-lembongan,Nusa Lembongan,2021,5,2021_2025,6,6,11.852,5,6,,,,,10,BLOCKED_NO_CDSE_OAUTH
nusa-lembongan,Nusa Lembongan,2021,6,2021_2025,6,6,33.502,3,4,,,,,10,BLOCKED_NO_CDSE_OAUTH
nusa-lembongan,Nusa Lembongan,2021,7,2021_2025,7,7,21.960,3,7,,,,,10,BLOCKED_NO_CDSE_OAUTH
nusa-lembongan,Nusa Lembongan,2021,8,2021_2025,6,6,16.021,4,5,,,,,10,BLOCKED_NO_CDSE_OAUTH
nusa-lembongan,Nusa Lembongan,2021,9,2021_2025,6,6,31.027,1,6,,,,,10,BLOCKED_NO_CDSE_OAUTH
nusa-lembongan,Nusa Lembongan,2021,10,2021_2025,6,6,61.528,0,2,,,,,10,BLOCKED_NO_CDSE_OAUTH
nusa-lembongan,Nusa Lembongan,2021,11,2021_2025,6,6,78.592,1,2,,,,,10,BLOCKED_NO_CDSE_OAUTH
nusa-lembongan,Nusa Lembongan,2021,12,2021_2025,6,6,53.841,1,3,,,,,10,BLOCKED_NO_CDSE_OAUTH
nusa-lembongan,Nusa Lembongan,2022,1,2021_2025,6,6,97.959,0,1,,,,,10,BLOCKED_NO_CDSE_OAUTH
nusa-lembongan,Nusa Lembongan,2022,2,2021_2025,6,7,82.640,0,2,,,,,10,BLOCKED_NO_CDSE_OAUTH
nusa-lembongan,Nusa Lembongan,2022,3,2021_2025,6,6,94.010,0,1,,,,,10,BLOCKED_NO_CDSE_OAUTH
nusa-lembongan,Nusa Lembongan,2022,4,2021_2025,6,6,31.773,0,5,,,,,10,BLOCKED_NO_CDSE_OAUTH
nusa-lembongan,Nusa Lembongan,2022,5,2021_2025,6,6,29.541,3,4,,,,,10,BLOCKED_NO_CDSE_OAUTH
nusa-lembongan,Nusa Lembongan,2022,6,2021_2025,5,5,31.636,2,3,,,,,10,BLOCKED_NO_CDSE_OAUTH
nusa-lembongan,Nusa Lembongan,2022,7,2021_2025,7,7,62.627,0,2,,,,,10,BLOCKED_NO_CDSE_OAUTH
nusa-lembongan,Nusa Lembongan,2022,8,2021_2025,6,6,21.839,2,4,,,,,10,BLOCKED_NO_CDSE_OAUTH
nusa-lembongan,Nusa Lembongan,2022,9,2021_2025,6,6,34.228,0,5,,,,,10,BLOCKED_NO_CDSE_OAUTH
nusa-lembongan,Nusa Lembongan,2022,10,2021_2025,6,6,78.210,0,1,,,,,10,BLOCKED_NO_CDSE_OAUTH
nusa-lembongan,Nusa Lembongan,2022,11,2021_2025,6,6,84.175,1,2,,,,,10,BLOCKED_NO_CDSE_OAUTH
nusa-lembongan,Nusa Lembongan,2022,12,2021_2025,6,6,40.544,0,4,,,,,10,BLOCKED_NO_CDSE_OAUTH
nusa-lembongan,Nusa Lembongan,2023,1,2021_2025,6,6,55.513,0,2,,,,,10,BLOCKED_NO_CDSE_OAUTH
nusa-lembongan,Nusa Lembongan,2023,2,2021_2025,6,6,83.066,0,2,,,,,10,BLOCKED_NO_CDSE_OAUTH
nusa-lembongan,Nusa Lembongan,2023,3,2021_2025,6,6,33.653,1,5,,,,,10,BLOCKED_NO_CDSE_OAUTH
nusa-lembongan,Nusa Lembongan,2023,4,2021_2025,5,5,78.398,1,2,,,,,10,BLOCKED_NO_CDSE_OAUTH
nusa-lembongan,Nusa Lembongan,2023,5,2021_2025,6,8,16.344,4,5,,,,,10,BLOCKED_NO_CDSE_OAUTH
nusa-lembongan,Nusa Lembongan,2023,6,2021_2025,6,8,37.975,1,4,,,,,10,BLOCKED_NO_CDSE_OAUTH
nusa-lembongan,Nusa Lembongan,2023,7,2021_2025,7,8,36.064,1,5,,,,,10,BLOCKED_NO_CDSE_OAUTH
nusa-lembongan,Nusa Lembongan,2023,8,2021_2025,6,7,15.944,4,6,,,,,10,BLOCKED_NO_CDSE_OAUTH
nusa-lembongan,Nusa Lembongan,2023,9,2021_2025,6,6,8.639,5,5,,,,,10,BLOCKED_NO_CDSE_OAUTH
nusa-lembongan,Nusa Lembongan,2023,10,2021_2025,6,6,11.995,6,6,,,,,10,BLOCKED_NO_CDSE_OAUTH
nusa-lembongan,Nusa Lembongan,2023,11,2021_2025,6,6,38.932,2,5,,,,,10,BLOCKED_NO_CDSE_OAUTH
nusa-lembongan,Nusa Lembongan,2023,12,2021_2025,6,6,34.287,2,4,,,,,10,BLOCKED_NO_CDSE_OAUTH
nusa-lembongan,Nusa Lembongan,2024,1,2021_2025,6,6,64.914,1,2,,,,,10,BLOCKED_NO_CDSE_OAUTH
nusa-lembongan,Nusa Lembongan,2024,2,2021_2025,6,6,59.614,1,2,,,,,10,BLOCKED_NO_CDSE_OAUTH
nusa-lembongan,Nusa Lembongan,2024,3,2021_2025,6,6,46.365,1,4,,,,,10,BLOCKED_NO_CDSE_OAUTH
nusa-lembongan,Nusa Lembongan,2024,4,2021_2025,6,7,55.610,1,3,,,,,10,BLOCKED_NO_CDSE_OAUTH
nusa-lembongan,Nusa Lembongan,2024,5,2021_2025,7,9,30.948,2,5,,,,,10,BLOCKED_NO_CDSE_OAUTH
nusa-lembongan,Nusa Lembongan,2024,6,2021_2025,6,6,23.092,3,4,,,,,10,BLOCKED_NO_CDSE_OAUTH
nusa-lembongan,Nusa Lembongan,2024,7,2021_2025,6,8,19.432,3,4,,,,,10,BLOCKED_NO_CDSE_OAUTH
nusa-lembongan,Nusa Lembongan,2024,8,2021_2025,6,6,17.637,4,6,,,,,10,BLOCKED_NO_CDSE_OAUTH
nusa-lembongan,Nusa Lembongan,2024,9,2021_2025,6,6,18.500,4,6,,,,,10,BLOCKED_NO_CDSE_OAUTH
nusa-lembongan,Nusa Lembongan,2024,10,2021_2025,6,7,18.528,3,5,,,,,10,BLOCKED_NO_CDSE_OAUTH
nusa-lembongan,Nusa Lembongan,2024,11,2021_2025,6,6,40.725,0,4,,,,,10,BLOCKED_NO_CDSE_OAUTH
nusa-lembongan,Nusa Lembongan,2024,12,2021_2025,7,9,94.145,0,0,,,,,10,BLOCKED_NO_CDSE_OAUTH
nusa-lembongan,Nusa Lembongan,2025,1,2021_2025,7,7,99.992,0,0,,,,,10,BLOCKED_NO_CDSE_OAUTH
nusa-lembongan,Nusa Lembongan,2025,2,2021_2025,4,4,34.214,0,3,,,,,10,BLOCKED_NO_CDSE_OAUTH
nusa-lembongan,Nusa Lembongan,2025,3,2021_2025,7,7,69.344,1,2,,,,,10,BLOCKED_NO_CDSE_OAUTH
nusa-lembongan,Nusa Lembongan,2025,4,2021_2025,8,10,44.051,3,4,,,,,10,BLOCKED_NO_CDSE_OAUTH
nusa-lembongan,Nusa Lembongan,2025,5,2021_2025,8,8,28.757,3,5,,,,,10,BLOCKED_NO_CDSE_OAUTH
nusa-lembongan,Nusa Lembongan,2025,6,2021_2025,7,9,35.027,1,4,,,,,10,BLOCKED_NO_CDSE_OAUTH
nusa-lembongan,Nusa Lembongan,2025,7,2021_2025,7,9,50.894,1,3,,,,,10,BLOCKED_NO_CDSE_OAUTH
nusa-lembongan,Nusa Lembongan,2025,8,2021_2025,8,9,35.969,3,7,,,,,10,BLOCKED_NO_CDSE_OAUTH
nusa-lembongan,Nusa Lembongan,2025,9,2021_2025,7,7,23.322,3,4,,,,,10,BLOCKED_NO_CDSE_OAUTH
nusa-lembongan,Nusa Lembongan,2025,10,2021_2025,7,7,32.624,3,4,,,,,10,BLOCKED_NO_CDSE_OAUTH
nusa-lembongan,Nusa Lembongan,2025,11,2021_2025,8,8,69.921,0,3,,,,,10,BLOCKED_NO_CDSE_OAUTH
nusa-lembongan,Nusa Lembongan,2025,12,2021_2025,7,7,79.439,0,0,,,,,10,BLOCKED_NO_CDSE_OAUTH
nusa-lembongan,Nusa Lembongan,2026,1,2026_partial,8,8,99.425,0,0,,,,,10,BLOCKED_NO_CDSE_OAUTH
nusa-lembongan,Nusa Lembongan,2026,2,2026_partial,3,3,99.973,0,0,,,,,10,BLOCKED_NO_CDSE_OAUTH
nusa-lembongan,Nusa Lembongan,2026,3,2026_partial,8,8,66.816,0,2,,,,,10,BLOCKED_NO_CDSE_OAUTH
nusa-lembongan,Nusa Lembongan,2026,4,2026_partial,8,8,32.539,1,6,,,,,10,BLOCKED_NO_CDSE_OAUTH
nusa-lembongan,Nusa Lembongan,2026,5,2026_partial,8,8,29.452,2,6,,,,,10,BLOCKED_NO_CDSE_OAUTH
nusa-lembongan,Nusa Lembongan,2026,6,2026_partial,8,8,10.590,5,6,,,,,10,BLOCKED_NO_CDSE_OAUTH
nusa-lembongan,Nusa Lembongan,2026,7,2026_partial,4,4,23.594,1,4,,,,,10,BLOCKED_NO_CDSE_OAUTH
